{"cameraMode":{"drawMode":0,"name":"Shaded","section":"Shading Mode"},"sceneLighting":false,"audioPlay":false,"sceneViewState":{"m_AlwaysRefresh":false,"showFog":true,"showSkybox":true,"showFlares":true,"showImageEffects":true,"showParticleSystems":true,"showVisualEffectGraphs":true,"m_FxEnabled":true},"in2DMode":false,"pivot":{"x":0.9695078730583191,"y":2.004180669784546,"z":-1.5087616443634034},"rotation":{"x":-0.0880596712231636,"y":-0.028388386592268945,"z":0.0025106635875999929,"w":-0.9957079887390137},"size":0.9257495999336243,"orthographic":false}