{"cameraMode":{"drawMode":0,"name":"Shaded","section":"Shading Mode"},"sceneLighting":false,"audioPlay":false,"sceneViewState":{"m_AlwaysRefresh":false,"showFog":true,"showSkybox":true,"showFlares":true,"showImageEffects":true,"showParticleSystems":true,"showVisualEffectGraphs":true,"m_FxEnabled":true},"in2DMode":false,"pivot":{"x":-16.009666442871095,"y":0.23687224090099336,"z":0.8361254334449768},"rotation":{"x":-0.00480544613674283,"y":-0.04049137607216835,"z":0.0001949320430867374,"w":-0.9991702437400818},"size":3.61885404586792,"orthographic":false}