{"cameraMode":{"drawMode":0,"name":"Shaded","section":"Shading Mode"},"sceneLighting":false,"audioPlay":false,"sceneViewState":{"m_AlwaysRefresh":false,"showFog":true,"showSkybox":true,"showFlares":true,"showImageEffects":true,"showParticleSystems":true,"showVisualEffectGraphs":true,"m_FxEnabled":true},"in2DMode":false,"pivot":{"x":-0.12008780241012573,"y":0.0811963677406311,"z":0.0678744912147522},"rotation":{"x":-0.0942002683877945,"y":0.8832669258117676,"z":-0.20160934329032899,"w":-0.41269925236701968},"size":0.45249825716018679,"orthographic":false}